"","Project","Date","Site","Species","BBL.ID","Nanotag","Age","Fat","Tarsus..mm.","WC","Bill.Length..mm.","Exposed.Culmen..mm.","Mass","Capture.Time","Bleed.Time","HCT","FM"
"1","Holbt - Addison","08/14/2013","Addison-MILL RIVER","SESA","1311-53431","62","HY",NA,24.3,97,NA,23.9,28,"1351",NA,NA,6.6515
"2","Holbt - Addison","08/14/2013","Addison-MILL RIVER","SESA","1311-53432","60","AHY",NA,21.35,98,NA,19.2,28.4,"1351",NA,NA,6.7381
"3","Holbt - Addison","08/14/2013","Addison-MILL RIVER","SESA","1311-53433",NA,"AHY",NA,21.58,97,NA,17.4,32.2,"1351","14:10",0.49,10.8515
"4","Holbt - Addison","08/15/2013","Addison-DRY LEDGE","SESA","1311-53434","67","AHY",NA,26.7,93,NA,17.6,20,"1720",NA,NA,0
"5","Holbt - Addison","08/15/2013","Addison-DRY LEDGE","SESA","1311-53435","64","AHY",NA,21.6,101,NA,19.9,24,"1720",NA,NA,1.3979
"6","Holbt - Addison","08/15/2013","Addison-DRY LEDGE","SESA","1311-53436","65","HY",NA,22.5,99,NA,17.7,22,"1720",NA,NA,0.0246999999999957
"7","Holbt - Addison","08/15/2013","Addison-DRY LEDGE","SESA","1311-53437","66","HY",NA,20.7,95.5,NA,18.6,20,"1720",NA,NA,0
"8","Holbt - Addison","08/15/2013","Addison-DRY LEDGE","SESA","1311-53438","69","AHY",NA,21.42,100.5,NA,19.5,29,"1720",NA,NA,6.5546
"9","Holbt - Addison","08/15/2013","Addison-DRY LEDGE","SESA","1311-53439","72","HY",NA,21.09,96,NA,17.83,24,"1720",NA,NA,2.9649
"10","Holbt - Addison","08/15/2013","Addison-DRY LEDGE","SESA","1311-53440",NA,NA,NA,21.17,94.5,NA,16.03,22,"1720",NA,NA,1.435
"11","Holbt - Addison","08/15/2013","Addison-DRY LEDGE","SESA","1311-53441",NA,"HY",NA,22.09,96,NA,19.1,25,"1720",NA,NA,3.9649
"12","Holbt - Addison","08/15/2013","Addison-DRY LEDGE","SESA","1311-53442",NA,"AHY",NA,21.74,95.5,NA,16.96,29,"1720",NA,NA,8.1216
"13","Holbt - Addison","08/15/2013","Addison-DRY LEDGE","SESA","1311-53443",NA,"HY",NA,21.98,93,NA,19.71,25,"1720",NA,NA,4.9051
"14","Holbt - Addison","08/15/2013","Addison-DRY LEDGE","SESA","1311-53444",NA,"AHY",NA,21.43,93,NA,18.01,22,"1720",NA,NA,1.9051
"15","Holbt - Addison","08/15/2013","Addison-DRY LEDGE","SESA","1311-53445",NA,"HY",NA,20.67,96.5,NA,17.6,29,"1720",NA,NA,7.8082
"16","Holbt - Addison","08/15/2013","Addison-DRY LEDGE","SESA","1311-53446",NA,"AHY",NA,22.13,96,NA,18.59,30,"1720",NA,NA,8.9649
"17","Holbt - Addison","08/16/2013","Addison-MILL RIVER","SEPL","1311-53447","59","AHY","0.5",24.8,124,8,12.4,41.2,"1458",NA,NA,NA
"18","Holbt - Addison","08/16/2013","Addison-MILL RIVER","SEPL","1311-53448","61","HY","0",25.7,119,7.5,11.3,31.1,"1526",NA,NA,NA
"19","Holbt - Addison","08/16/2013","Addison-MILL RIVER","LESA","1311-53449","58","HY","1",19.1,92,15.5,18.9,21.1,"1543",NA,NA,NA
"20","Holbt - Addison","08/16/2013","Addison-MILL RIVER","SESA","1311-53450","70","HY","0",22.4,98,14.3,17.7,23.2,"1605",NA,NA,1.5381
"21","Holbt - Addison","08/16/2013","Addison-MILL RIVER","LESA","1311-53451","71","HY","3",20.3,95.5,15.9,18.6,32.7,"1605",NA,NA,NA
"22","Holbt - Addison","08/16/2013","Addison-MILL RIVER","SESA","1311-53452","75","HY","1",21.4,95,14.5,17.9,26.6,"1605",NA,NA,5.8783
"23","Holbt - Addison","08/16/2013","Addison-MILL RIVER","SESA","1311-53453","73","HY","0",23.7,97,17.2,20.5,22,"1605",NA,NA,0.651499999999999
"24","Holbt - Addison","08/20/2013","Addison-RASPBERRY I LEDGE","SESA","1311-53454","79","HY",NA,24.15,90.5,NA,19.25,28,"0925",NA,NA,8.6886
"25","Holbt - Addison","08/20/2013","Addison-RASPBERRY I LEDGE","SESA","1311-53455","74","AHY","2",22.38,95.5,NA,17.29,30,"0925",NA,NA,9.1216
"26","Holbt - Addison","08/20/2013","Addison-RASPBERRY I LEDGE","SESA","1311-53456","80","AHY","3",20.62,93.5,NA,18.31,34,"0925",NA,NA,13.7484
"27","Holbt - Addison","08/20/2013","Addison-RASPBERRY I LEDGE","SESA","1311-53457","81","HY","1",22,93.5,NA,18.01,24,"0925",NA,NA,3.7484
"28","Holbt - Addison","08/20/2013","Addison-RASPBERRY I LEDGE","SESA","1311-53458","82","AHY","2",22.11,96.5,NA,16.38,34,"0925",NA,NA,12.8082
"29","Holbt - Addison","08/20/2013","Addison-RASPBERRY I LEDGE","SESA","1311-53459","78","HY","1",23.05,99.5,NA,19.89,26,"0925",NA,NA,3.86799999999999
"30","Holbt - Addison","08/20/2013","Addison-RASPBERRY I LEDGE","SESA","1311-53460","7","AHY","1",21.61,96,NA,18.02,27,"0925",NA,NA,5.9649
"31","Holbt - Addison","08/20/2013","Addison-RASPBERRY I LEDGE","SESA","1311-53461","8","HY","1",21.25,94.5,NA,19.87,24,"0925",NA,NA,3.435
"32","Holbt - Addison","08/20/2013","Addison-NARROWS I LEDGE","SESA","1311-53462",NA,"AHY","2",22.1,102,NA,20.4,38,NA,NA,NA,15.0845
"33","Holbt - Addison","08/20/2013","Addison-NARROWS I LEDGE","SESA","1311-53463","5","AHY","SOME",21.64,96.5,NA,17.62,29,NA,NA,NA,7.8082
"34","Holbt - Addison","08/20/2013","Addison-NARROWS I LEDGE","SESA","1311-53464","6","AHY","2",21.28,96.5,NA,17.49,30,NA,NA,NA,8.8082
"35","Holbt - Addison","08/20/2013","Addison-NARROWS I LEDGE","SESA","1311-53465","9","AHY","1",21.4,93.5,NA,17.96,23,NA,NA,NA,2.7484
"36","Holbt - Addison","08/20/2013","Addison-NARROWS I LEDGE","SESA","1311-53466","13","AHY","2",21.85,95.5,NA,19.37,28,NA,NA,NA,7.1216
"37","Holbt - Addison","08/20/2013","Addison-NARROWS I LEDGE","SESA","1311-53467","12","SY","2",21.11,95,NA,19.14,30,NA,NA,NA,9.2783
"38","Holbt - Addison","08/20/2013","Addison-NARROWS I LEDGE","SESA","1311-53468","11","HY","2",21.66,97.5,NA,20.22,27,NA,NA,NA,5.4948
"39","Holbt - Addison","08/20/2013","Addison-NARROWS I LEDGE","SESA","1311-53469","77","HY","1",21.1,96.5,NA,17.03,26,NA,NA,NA,4.8082
"40","Holbt - Addison","08/20/2013","Addison-NARROWS I LEDGE","SESA","1311-53470",NA,"AHY","3",22.77,98.5,NA,18.8,34,NA,NA,NA,12.1814
"41","Holbt - Addison","08/20/2013","Addison-NARROWS I LEDGE","SESA","1311-53471","63","HY","1",22.25,96.5,NA,18.68,26,NA,NA,NA,4.8082
"42","Holbt - Addison","08/20/2013","Addison-NARROWS I LEDGE","SESA","1311-53472","14","HY","0.5",21.91,99,NA,18.75,24,NA,NA,NA,2.0247
"43","Holbt - Addison","08/20/2013","Addison-NARROWS I LEDGE","SESA","1311-53473","76","HY","1",22.65,100.5,NA,20.38,27,NA,NA,NA,4.5546
"44","Holbt - Addison","08/20/2013","Addison-NARROWS I LEDGE","SESA","1311-53474",NA,"AHY","2",21.82,97.5,NA,20.14,33,NA,NA,NA,11.4948
"45","Holbt - Addison","08/20/2013","Addison-NARROWS I LEDGE","SESA","1311-53475",NA,"AHY","3",22.22,100.5,NA,22.21,40,NA,NA,NA,17.5546
"46","Holbt - Addison","08/20/2013","Addison-NARROWS I LEDGE","SESA","1311-53476",NA,"HY","2",20.9,98,NA,16.89,30,NA,NA,NA,8.3381
"47","Holbt - Addison","08/20/2013","Addison-NARROWS I LEDGE","SESA","1311-53477","10","HY","0.5",21.68,102.5,NA,20.38,27,NA,NA,NA,3.9278
"48","Holbt - Addison","08/20/2013","Addison-NARROWS I LEDGE","SESA","1311-53478",NA,"HY","1",21.03,93,NA,19.85,24,NA,NA,NA,3.9051
"49","Holbt - Addison","08/20/2013","Addison-NARROWS I LEDGE","SESA","1311-53479",NA,"HY","1",21.85,93.5,NA,17.11,24,NA,NA,NA,3.7484
"50","Holbt - Addison","08/20/2013","Addison-NARROWS I LEDGE","SESA","1311-53480",NA,"HY","1",21.45,98,NA,19.21,29,NA,NA,NA,7.3381
"51","Holbt - Addison","08/20/2013","Addison-NARROWS I LEDGE","SESA","1311-53481",NA,"AHY","1",21.47,94.5,NA,17.8,35,NA,NA,NA,14.435
"52","Holbt - Addison","08/20/2013","Addison-NARROWS I LEDGE","SESA","1311-53482",NA,"AHY","2",22.82,91.5,NA,19,30,NA,NA,NA,10.3752
"53","Holbt - Addison","08/20/2013","Addison-NARROWS I LEDGE","SESA","1311-53483",NA,"HY","1",22.55,96.5,NA,19.65,27,NA,NA,NA,5.8082
"54","Holbt - Addison","08/20/2013","Addison-NARROWS I LEDGE","SESA","1311-53484",NA,"HY","0.5",22.82,96,NA,17.19,20,NA,NA,NA,0
"55","Holbt - Addison","08/20/2013","Addison-NARROWS I LEDGE","SESA","1311-53485",NA,"AHY","1",21.94,95,NA,17.85,34,NA,NA,NA,13.2783
"56","Holbt - Addison","08/20/2013","Addison-NARROWS I LEDGE","SESA","1311-53486",NA,"AHY","2",22.69,93.5,NA,17.85,37,NA,NA,NA,16.7484
"57","Holbt - Addison","08/20/2013","Addison-NARROWS I LEDGE","SESA","1311-53487",NA,"HY","1",22.45,93,NA,17.56,24,NA,NA,NA,3.9051
"58","Holbt - Addison","08/27/2013","Addison-RASPBERRY I LEDGE","SESA","1311-53488",NA,NA,"1",20.8,96,18.06,21.31,27,"1516","15:22",0.52,5.9649
"59","Holbt - Addison","08/27/2013","Addison-RASPBERRY I LEDGE","SESA","1311-53489",NA,"HY","2",21.21,94,13.12,16.2,28,"1516","15:29",0.5,7.5917
"60","Holbt - Addison","08/27/2013","Addison-UPPER BIRCH","SESA","1311-53490",NA,"HY","3",22.58,97,16.21,19.54,30,"1605","16:11",0.49,8.6515
"61","Holbt - Addison","08/27/2013","Addison-UPPER BIRCH","SESA","1311-53491",NA,"AHY","3",22.3,98,16.77,20.21,35,"1605","16:17",0.51,13.3381
"62","Holbt - Addison","08/27/2013","Addison-UPPER BIRCH","SESA","1311-53492",NA,"HY","3",22.17,102.5,17.62,20.4,37,"1605","17:21",0.53,13.9278
"63","Holbt - Addison","08/27/2013","Addison-UPPER BIRCH","SESA","1311-53493",NA,"AHY","2",21.02,99,16.1,18.71,35,"1605","16:26",0.53,13.0247
"64","Holbt - Addison","08/27/2013","Addison-DRY LEDGE","SESA","1311-53494",NA,"AHY","2",22.27,NA,14.83,17.02,34,"1719",NA,NA,NA
"65","Holbt - Addison","08/27/2013","Addison-DRY LEDGE","SESA","1311-53495",NA,"AHY","3",20.98,97,16.21,18.83,27,"1719",NA,NA,5.6515
"66","Holbt - Addison","08/27/2013","Addison-DRY LEDGE","SESA","1311-53496",NA,"AHY","3+",21.06,96,14.53,17.8,34,"1719",NA,0.53,12.9649
"67","Holbt - Addison","08/27/2013","Addison-DRY LEDGE","SESA","1311-53497",NA,"HY","2",23.11,98,15.65,18.14,31,"1719",NA,NA,9.3381
"68","Holbt - Addison","08/27/2013","Addison-DRY LEDGE","SESA","1311-53498",NA,"AHY","3",20.79,95,15.83,18.8,34,"1719",NA,0.49,13.2783
"69","Holbt - Addison","08/27/2013","Addison-DRY LEDGE","SESA","1311-53499",NA,"HY","2",21,95.5,15.9,18.23,32,"1719",NA,NA,11.1216
"70","Holbt - Addison","08/27/2013","Addison-DRY LEDGE","SESA","1311-53500",NA,"AHY","4",21.11,96,14.57,16.57,35,"1719",NA,0.54,13.9649
"71","Obrien - RCNWR","8/8/2014","RCNWR-Oxcart Lane","SESA","1461-15028",NA,"AHY","2",21.1,96,19.2,15.7,34.4,"17:00","1711",NA,13.3649
"72","Holbt - Addison","08/27/2013","Addison-DRY LEDGE","SESA","1711-82501",NA,"HY","2",20.93,97,16.18,18.88,27,"1719",NA,NA,5.6515
"73","Holbt - Addison","08/27/2013","Addison-DRY LEDGE","SESA","1711-82502",NA,"HY","1",21.17,97,16.5,19.02,24,"1719",NA,0.51,2.6515
"74","Holbt - Addison","08/27/2013","Addison-DRY LEDGE","SESA","1711-82503",NA,"HY","3",20.8,94,15.31,18.15,25,"1719",NA,NA,4.5917
"75","Holbt - Addison","08/27/2013","Addison-DRY LEDGE","SESA","1711-82504",NA,"HY","1",20.53,97,15.66,17.84,23,"1719",NA,NA,1.6515
"76","Holbt - Addison","08/27/2013","Addison-DRY LEDGE","SESA","1711-82505",NA,"AHY","4",21.11,97,16.34,19.3,37,"1719",NA,NA,15.6515
"77","Holbt - Addison","08/27/2013","Addison-DRY LEDGE","SESA","1711-82506",NA,"AHY","4",22.47,100.5,18.87,21.33,39,"1719",NA,0.53,16.5546
"78","Holbt - Addison","08/27/2013","Addison-DRY LEDGE","SESA","1711-82507",NA,"AHY","2",22.39,99,18.25,21.65,30,"1719",NA,NA,8.0247
"79","Holbt - Addison","08/27/2013","Addison-DRY LEDGE","SESA","1711-82508",NA,"HY","1",22.74,100,16.88,20.16,36,"1719",NA,NA,13.7113
"80","Holbt - Addison","08/27/2013","Addison-DRY LEDGE","SESA","1711-82509",NA,"AHY","6",22.57,99,15.77,19.18,41,"1719",NA,NA,19.0247
"81","Holbt - Addison","08/29/2013","Addison-MILL RIVER","LESA","1711-82510",NA,NA,"2",20.38,95,NA,19.24,32,"1415","14:26",0.45,NA
"82","Holbt - Addison","08/29/2013","Addison-MILL RIVER","LESA","1711-82511",NA,"AHY",NA,18.75,90,NA,15.86,25,"1453",NA,NA,NA
"83","Holbt - Addison","08/29/2013","Addison-MILL RIVER","SEPL","1711-82512",NA,"HY",NA,21.16,124,NA,11.08,41,"1452",NA,NA,NA
"84","Holbt - Addison","08/29/2013","Addison-MILL RIVER","LESA","1711-82513",NA,"HY",NA,17.32,88,NA,18.21,24,"1452",NA,NA,NA
"85","Holbt - Addison","08/29/2013","Addison-MILL RIVER","SEPL","1711-82514",NA,"HY",NA,21.56,119,NA,11.43,49,"1452",NA,NA,NA
"86","Holbt - Addison","08/29/2013","Addison-MILL RIVER","SEPL","1711-82515",NA,"HY",NA,23.22,120,NA,12.63,46,"1452",NA,NA,NA
"87","Holbt - Addison","08/29/2013","Addison-MILL RIVER","SEPL","1711-82516",NA,"HY",NA,21.43,118,NA,12.49,55,"1452",NA,NA,NA
"88","Holbt - Addison","08/29/2013","Addison-MILL RIVER","SEPL","1711-82517",NA,"HY",NA,21.17,115,NA,12.53,40,"1452",NA,NA,NA
"89","Holbt - Addison","08/29/2013","Addison-MILL RIVER","SESA","1711-82521",NA,"HY","1",21.08,95,NA,17.37,26,"1525","15:42",0.5,5.2783
"90","Holbt - Addison","09/15/2013","Addison-NARROWS I LEDGE","SESA","1711-82525",NA,"AHY","1",23.14,97,16.98,19.39,31,"0820","8:29",NA,9.6515
"91","Holbt - Addison","09/15/2013","Addison-NARROWS I LEDGE","SESA","1711-82528",NA,"HY","1",23.08,95.5,17.77,20.8,30,"0820","8:32",0.56,9.1216
"92","Holbt - Addison","09/15/2013","Addison-NARROWS I LEDGE","SESA","1711-82529",NA,"AHY","1",22.04,72.5,17.11,19.15,22,"0820","8:41",0.47,8.3298
"93","Holbt - Addison","08/29/2013","Addison-MILL RIVER","SESA","1711-82530",NA,NA,NA,NA,NA,NA,NA,NA,NA,NA,NA,NA
"94","Holbt - Addison","08/29/2013","Addison-MILL RIVER","SESA","1711-82531",NA,NA,"0.5",21.11,98,NA,22.02,30,"1510","15:30",0.48,8.3381
"95","Holbt - Addison","08/29/2013","Addison-MILL RIVER","SESA","1711-82532",NA,NA,"1",19.3,90,NA,17.26,27,"1510","15:35",0.41,7.8453
"96","Holbt - Addison","08/29/2013","Addison-MILL RIVER","SESA","1711-82533",NA,"HY","3",18.22,95,NA,18.64,29,"1510","15:26",0.48,8.2783
"97","Holbt - Addison","08/29/2013","Addison-MILL RIVER","SESA","1711-82534",NA,"HY","1",17.26,98,NA,18.75,28,"1510","15:54",0.49,6.3381
"98","Holbt - Addison","08/29/2013","Addison-MILL RIVER","SESA","1711-82535",NA,"HY","2",17.92,95,NA,18.66,25,"1525","16:00",0.46,4.2783
"99","Holbt - Addison","08/29/2013","Addison-MILL RIVER","LESA","1711-82536",NA,"HY",NA,17.12,90,NA,18.02,21,NA,NA,NA,NA
"100","Holbt - Addison","08/29/2013","Addison-MILL RIVER","SESA","1711-82537",NA,"HY","2",18.77,92,NA,17.83,26,"1525","16:06",0.48,6.2185
"101","Holbt - Addison","08/29/2013","Addison-MILL RIVER","SESA","1711-82538",NA,"HY","2",17.83,94,NA,19,25,"1525","16:15",0.5,4.5917
"102","Holbt - Addison","08/29/2013","Addison-MILL RIVER","SESA","1711-82539",NA,"HY","4",22.22,90.2,NA,17.68,41,"1525","16:25",0.53,21.78262
"103","Holbt - Addison","08/29/2013","Addison-MILL RIVER","SESA","1711-82540",NA,"HY","2",20.7,96,NA,16.9,30,"1525","16:31",0.48,8.9649
"104","Holbt - Addison","08/29/2013","Addison-MILL RIVER","SESA","1711-82541",NA,"HY",NA,18.28,99,NA,19.48,26,NA,NA,NA,4.0247
"105","Holbt - Addison","08/29/2013","Addison-MILL RIVER","SESA","1711-82542",NA,"HY",NA,17.46,95,NA,17.95,27,NA,NA,NA,6.2783
"106","Holbt - Addison","08/29/2013","Addison-MILL RIVER","SESA","1711-82543",NA,"HY",NA,19.44,95,NA,17.01,26,NA,NA,NA,5.2783
"107","Holbt - Addison","09/15/2013","Addison-NARROWS I LEDGE","SESA","1711-82544",NA,"AHY","1",21.66,98,17.32,20.36,26,"0820","8:49",NA,4.3381
"108","Holbt - Addison","09/15/2013","Addison-NARROWS I LEDGE","SESA","1711-82545",NA,"AHY","2",20.55,96,16.77,18.68,29,"0820","8:54",0.5,7.9649
"109","Holbt - Addison","09/15/2013","Addison-DRY LEDGE","SESA","1711-82546",NA,"AHY","1",21.4,92.5,14.28,16.61,27,"0928","9:44",0.53,7.0618
"110","Obrien - RCNWR","8/4/2014","RCNWR-Oxcart Lane","SESA","1971-00627",NA,"AHY","2",22,96,20.7,18.9,34,"10:05","1008",NA,12.9649
"111","Obrien - RCNWR","8/4/2014","RCNWR-Oxcart Lane","SESA","1971-00629","380437","AHY","2",20.8,97,20.3,16.2,28,"11:29","1136",NA,6.6515
"112","Obrien - RCNWR","8/4/2014","RCNWR-Oxcart Lane","SESA","1971-00630",NA,"AHY","2",23.1,96,20.1,16.4,39,"11:35","1147",NA,17.9649
"113","Obrien - RCNWR","8/4/2014","RCNWR-Oxcart Lane","SESA","1971-00631",NA,"AHY","2",23.1,101,19.5,15.6,35,"13:38",NA,NA,12.3979
"114","Obrien - RCNWR","8/4/2014","RCNWR-Oxcart Lane","SESA","1971-00632",NA,"AHY","2",21.4,92,18.7,15.1,32,"13:38","1357",NA,12.2185
"115","Obrien - RCNWR","8/4/2014","RCNWR-Oxcart Lane","SESA","1971-00633",NA,"AHY","3",23.4,99,20.4,15.9,34,"13:38",NA,NA,12.0247
"116","Obrien - RCNWR","8/4/2014","RCNWR-Oxcart Lane","SESA","1971-00634",NA,"AHY","2",21.5,94,20.3,15.9,37,"13:50","1401",NA,16.5917
"117","Obrien - RCNWR","8/4/2014","RCNWR-Oxcart Lane","SESA","1971-00635",NA,"AHY","2",21.5,96,20,15.9,32,"13:50","1420",NA,10.9649
"118","Obrien - RCNWR","8/4/2014","RCNWR-Oxcart Lane","SESA","1971-00636",NA,"AHY","3",20.2,96,19.6,15.1,37,"13:50","1411",NA,15.9649
"119","Obrien - RCNWR","8/4/2014","RCNWR-Oxcart Lane","SESA","1971-00637",NA,"AHY","1",21.6,101,21.1,18,27,"13:50","1417",NA,4.3979
"120","Obrien - RCNWR","8/4/2014","RCNWR-Oxcart Lane","SESA","1971-00638","380438","AHY","1",21,91,18.6,14.1,29,"13:50","1419",NA,9.5319
"121","Obrien - RCNWR","8/4/2014","RCNWR-Oxcart Lane","SESA","1971-00639",NA,"AHY","2",21.7,95,18.7,14.9,31,"13:50","1422",NA,10.2783
"122","Obrien - RCNWR","8/6/2014","RCNWR-Oxcart Lane","SESA","1971-00640",NA,"AHY","2",21,95,20.6,16.3,33,"13:02","1305",NA,12.2783
"123","Obrien - RCNWR","8/6/2014","RCNWR-Oxcart Lane","SESA","1971-00641","380439","AHY","1",21.2,96,20.1,16.3,28.3,"13:28","1333",NA,7.2649
"124","Obrien - RCNWR","8/6/2014","RCNWR-Oxcart Lane","SESA","1971-00642",NA,"AHY","1",22.9,100,23.6,19.2,32.7,"13:17",NA,NA,10.4113
"125","Obrien - RCNWR","8/6/2014","RCNWR-Oxcart Lane","SESA","1971-00643",NA,"AHY","2",22.9,98,21.2,16.2,35.1,"13:44",NA,NA,13.4381
"126","Obrien - RCNWR","8/6/2014","RCNWR-Oxcart Lane","SESA","1971-00644","380441","AHY","2",21.6,95,18.4,15.1,30.2,"14:04","1408",NA,9.4783
"127","Obrien - RCNWR","8/6/2014","RCNWR-Oxcart Lane","SESA","1971-00645",NA,"AHY","2",21.3,95,19.9,15.3,37.8,"14:03",NA,NA,17.0783
"128","Obrien - RCNWR","8/6/2014","RCNWR-Oxcart Lane","SESA","1971-00646",NA,"AHY","2",21.2,92,19.9,15,32.4,"14:28","1433",NA,12.6185
"129","Obrien - RCNWR","8/6/2014","RCNWR-Oxcart Lane","SESA","1971-00647","380442","AHY","0.5",20.9,98,20.9,16.4,26.3,"14:56","1500",NA,4.6381
"130","Obrien - RCNWR","8/6/2014","RCNWR-Oxcart Lane","SESA","1971-00648","380444","AHY","2",20.2,96,18.1,15.2,25.4,"14:34",NA,NA,4.3649
"131","Obrien - RCNWR","8/7/2014","RCNWR-Oxcart Lane","SESA","1971-00649",NA,"AHY","3",22.5,99,22.5,17.6,40.3,"13:36",NA,NA,18.3247
"132","Obrien - RCNWR","8/7/2014","RCNWR-Oxcart Lane","SESA","1971-00650",NA,"AHY","2",22,98,20.9,15.7,35.8,"14:11","1424",NA,14.1381
"133","Obrien - RCNWR","8/7/2014","RCNWR-Oxcart Lane","SESA","1971-15002",NA,"AHY","3",20.9,95,19.9,16.6,32.1,"14:11","1429",NA,11.3783
"134","Obrien - RCNWR","8/7/2014","RCNWR-Oxcart Lane","SESA","1971-15003","380440","AHY","2",19.7,95,19.1,15.7,28.2,"14:11",NA,NA,7.4783
"135","Obrien - RCNWR","8/7/2014","RCNWR-Oxcart Lane","LESA","2391-76701",NA,"UNK","0",19.6,90,20.1,15.5,21.1,"14:01",NA,NA,NA
"136","Obrien - RCNWR","8/7/2014","RCNWR-Oxcart Lane","LESA","2391-76702",NA,"UNK","1",19,85,18.5,14.8,19.1,"14:01",NA,NA,NA
"137","Obrien - RCNWR","8/7/2014","RCNWR-Oxcart Lane","LESA","2391-76703",NA,"UNK","1",19.3,88,18.1,15.6,19.4,"14:01",NA,NA,NA
"138","Obrien - RCNWR","8/7/2014","RCNWR-Oxcart Lane","LESA","2391-76705",NA,"UNK","1",19,88,19.1,15.3,19,"15:38",NA,NA,NA
"139","Obrien - RCNWR","8/7/2014","RCNWR-Oxcart Lane","LESA","2391-76706",NA,"UNK","1",20.1,87,19.7,15,21,"16:06",NA,NA,NA
"140","Obrien - RCNWR","8/7/2014","RCNWR-Oxcart Lane","LESA","2391-76707",NA,"UNK","2",19.4,89,18.4,14.9,22.1,"16:06",NA,NA,NA
"141","Obrien - RCNWR","8/7/2014","RCNWR-Oxcart Lane","LESA","2391-76708",NA,"UNK","2",19.4,89,19,15.3,19.9,"16:06",NA,NA,NA
"142","Obrien - RCNWR","8/7/2014","RCNWR-Oxcart Lane","LESA","2391-76709",NA,"UNK","1",18.1,89,17.9,14.1,17.3,"16:06",NA,NA,NA
"143","Obrien - RCNWR","8/8/2014","RCNWR-Oxcart Lane","LESA","2391-76710",NA,"HY","2",17.4,88,17.4,13.9,17.4,"14:15",NA,NA,NA
"144","Obrien - RCNWR","8/8/2014","RCNWR-Oxcart Lane","LESA","2391-76711",NA,"HY","0",18.9,88,18.5,15.3,19.3,"15:20",NA,NA,NA
"145","Obrien - RCNWR","8/8/2014","RCNWR-Oxcart Lane","LESA","2391-76712",NA,"HY","1",18.2,90,19,15.2,21,"15:20",NA,NA,NA
"146","Obrien - RCNWR","8/7/2015","RCNWR-Oxcart Lane","WRSA","2411-53901",NA,"AHY","1",23.8,122,20.2,24.9,35.6,"1048",NA,NA,NA
"147","Holbt - Popham","9/9/2015","Popham Beach","SAND","2411-53902","271","HY","2",24.3,122,17.5,23.5,49.6,"920",NA,NA,NA
"148","Holbt - Popham","9/9/2015","Popham Beach","SAND","2411-53903","80","HY","1",25.2,124,18.5,24.8,45.4,"920",NA,NA,NA
"149","Holbt - Popham","9/9/2015","Popham Beach","SAND","2411-53904","81","HY","1",25.8,121,20.3,27.3,44.4,"920",NA,NA,NA
"150","Holbt - Popham","9/9/2015","Popham Beach","SAND","2411-53905","270","HY","1",26.2,125,21.8,28.6,51.4,"920",NA,NA,NA
"151","Obrien - RCNWR","8/7/2014","RCNWR-Oxcart Lane","SEPL","2451-02260",NA,"UNK","0",25.2,115,13.5,7.9,35.4,"13:17",NA,NA,NA
"152","Obrien - RCNWR","8/7/2014","RCNWR-Oxcart Lane","SEPL","2451-022XX",NA,"AHY","2",24,126,12.8,8.1,46.6,"13:36",NA,NA,NA
"153","Obrien - RCNWR","8/8/2014","RCNWR-Oxcart Lane","SEPL","2451-34301",NA,"AHY","1",24.6,119,12.7,7.8,45.2,"15:38",NA,NA,NA
"154","Obrien - RCNWR","8/8/2014","RCNWR-Oxcart Lane","SEPL","2451-34302",NA,"AHY","2",24.1,124,12.1,7.7,58.6,"16:21",NA,NA,NA
"155","Obrien - RCNWR","8/7/2014","RCNWR-Oxcart Lane","SESA","2461-15001",NA,"AHY","2",22.5,97,23.2,19.6,29.5,"14:11",NA,NA,8.1515
"156","Obrien - RCNWR","8/7/2014","RCNWR-Oxcart Lane","SESA","2461-15004","380451","AHY","1",20.1,95,18.8,15.2,23.3,"14:11",NA,NA,2.5783
"157","Obrien - RCNWR","8/7/2014","RCNWR-Oxcart Lane","SESA","2461-15005",NA,"AHY","2",20.5,96,19.2,15.8,34.7,"14:11",NA,NA,13.6649
"158","Obrien - RCNWR","8/7/2014","RCNWR-Oxcart Lane","SESA","2461-15006",NA,"AHY","1",21.1,103,23.4,18.6,31.1,"14:11",NA,NA,7.8711
"159","Obrien - RCNWR","8/7/2014","RCNWR-Oxcart Lane","SESA","2461-15007","380445","AHY","1",22,92,20.3,15.6,30.3,"14:11",NA,NA,10.5185
"160","Obrien - RCNWR","8/7/2014","RCNWR-Oxcart Lane","SESA","2461-15008",NA,"AHY","1",20.9,95,21.1,15.9,37,"16:08","1504",NA,16.2783
"161","Obrien - RCNWR","8/7/2014","RCNWR-Oxcart Lane","SESA","2461-15009",NA,"AHY","2",20.8,98,21.9,17.6,38.9,"16:06","1618",NA,17.2381
"162","Obrien - RCNWR","8/7/2014","RCNWR-Oxcart Lane","SESA","2461-15010",NA,"AHY","3",20.5,95,19.1,14.6,35.1,"16:06","1618",NA,14.3783
"163","Obrien - RCNWR","8/7/2014","RCNWR-Oxcart Lane","SESA","2461-15011",NA,"AHY","3",21.7,98,21.6,18.1,38.4,"16:06","1621",NA,16.7381
"164","Obrien - RCNWR","8/7/2014","RCNWR-Oxcart Lane","SESA","2461-15012",NA,"AHY","2",22.2,98,20.8,17.5,33,"16:06","1620",NA,11.3381
"165","Obrien - RCNWR","8/7/2014","RCNWR-Oxcart Lane","SESA","2461-15013",NA,"AHY","2",20.5,96,20.3,15.9,32.1,"16:06",NA,NA,11.0649
"166","Obrien - RCNWR","8/7/2014","RCNWR-Oxcart Lane","SESA","2461-15014",NA,"AHY","2",21.5,98,20.8,17,36.1,"16:06",NA,NA,14.4381
"167","Obrien - RCNWR","8/7/2014","RCNWR-Oxcart Lane","SESA","2461-15015",NA,"AHY","2",21.4,96,21.5,18,35.3,"16:06",NA,NA,14.2649
"168","Obrien - RCNWR","8/7/2014","RCNWR-Oxcart Lane","SESA","2461-15016","380447","AHY","2",21.6,96,20.5,16,28.2,"16:06",NA,NA,7.1649
"169","Obrien - RCNWR","8/7/2014","RCNWR-Oxcart Lane","SESA","2461-15017",NA,"AHY","2",21.6,95,18.8,15.5,31,"16:58","1502",NA,10.2783
"170","Obrien - RCNWR","8/7/2014","RCNWR-Oxcart Lane","SESA","2461-15018",NA,"AHY","2",21.2,97,18.8,15.1,34.7,"16:06",NA,NA,13.3515
"171","Obrien - RCNWR","8/7/2014","RCNWR-Oxcart Lane","SESA","2461-15019",NA,"AHY","2",21.6,96,19.7,15.8,36.3,"16:58","1502",NA,15.2649
"172","Obrien - RCNWR","8/7/2014","RCNWR-Oxcart Lane","SESA","2461-15020",NA,"AHY","2",23,97,21.3,18.7,32.3,"16:58",NA,NA,10.9515
"173","Obrien - RCNWR","8/8/2014","RCNWR-Oxcart Lane","SESA","2461-15021","380448","AHY","1",20.1,95,17.5,13.9,29.9,"14:39","1443",NA,9.1783
"174","Obrien - RCNWR","8/8/2014","RCNWR-Oxcart Lane","SESA","2461-15022",NA,"AHY",NA,NA,NA,NA,NA,29.6,"16:27","1636",NA,NA
"175","Obrien - RCNWR","8/8/2014","RCNWR-Oxcart Lane","SESA","2461-15023",NA,"AHY","2",22.6,95,20.7,17,34.9,"16:38","1647",NA,14.1783
"176","Obrien - RCNWR","8/8/2014","RCNWR-Oxcart Lane","SESA","2461-15024","380446","AHY","1",21.9,98,19.5,15.4,27.9,"16:38","1648",NA,6.2381
"177","Obrien - RCNWR","8/8/2014","RCNWR-Oxcart Lane","SESA","2461-15025",NA,NA,"2",21.4,88,19.9,15.2,32,"16:27",NA,NA,13.4721
"178","Obrien - RCNWR","8/8/2014","RCNWR-Oxcart Lane","SESA","2461-15026",NA,"AHY","2",22,94,19.3,15.5,33.5,"16:38","1646",NA,13.0917
"179","Obrien - RCNWR","8/8/2014","RCNWR-Oxcart Lane","SESA","2461-15027",NA,"AHY","2",22.2,99,22.1,19.1,34.6,"16:38",NA,NA,12.6247
"180","Obrien - RCNWR","8/8/2014","RCNWR-Oxcart Lane","SESA","2461-15029",NA,"AHY","1",21.74,96,20.1,16.1,34.7,"16:38",NA,NA,13.6649
"181","Obrien - RCNWR","8/8/2014","RCNWR-Oxcart Lane","SESA","2461-15030",NA,"AHY","2",21.8,99,20.3,15.7,33.7,"17:00","1711",NA,11.7247
"182","Obrien - RCNWR","8/8/2014","RCNWR-Oxcart Lane","SESA","2461-15031","380454","HY","2",21,96,22.4,18.3,27.3,"17:27",NA,NA,6.2649
"183","Obrien - RCNWR","8/8/2014","RCNWR-Oxcart Lane","SESA","2461-15032",NA,"AHY","2",20.7,93,19.6,15.5,29.3,"16:38",NA,NA,9.2051
"184","Obrien - RCNWR","8/8/2014","RCNWR-Oxcart Lane","SESA","2461-15033","380453","AHY","2",21.1,96,18.7,15.1,25.7,"17:27",NA,NA,4.6649
"185","Obrien - RCNWR","8/8/2014","RCNWR-Oxcart Lane","SESA","2461-15034","380452","HY","1",22.5,95,23.4,19.1,25.8,"17:27",NA,NA,5.0783
"186","Obrien - RCNWR","8/8/2014","RCNWR-Oxcart Lane","SESA","2461-15035","380450","AHY","1",21.5,95,20.8,16.3,26.3,"17:27",NA,NA,5.5783
"187","Obrien - RCNWR","8/8/2014","RCNWR-Oxcart Lane","SESA","2461-15036","380455","AHY","1",21.3,95,21,16.7,29.2,"17:27",NA,NA,8.4783
"188","Obrien - RCNWR","8/8/2014","RCNWR-Oxcart Lane","SESA","2461-15037","380443","AHY","1",22.6,96,21.6,17.6,29.5,"17:27",NA,NA,8.4649
"189","Obrien - RCNWR","8/8/2014","RCNWR-Oxcart Lane","SESA","2461-15038","380456","AHY","1",21.1,90,18.9,14.6,23.1,"17:27",NA,NA,3.9453
"190","Obrien - RCNWR","8/5/2015","RCNWR-Oxcart Lane","SESA","2461-15038",NA,"AHY",NA,20,93,14.5,17.6,29,"1228",NA,NA,8.9051
"191","Obrien - RCNWR","8/8/2014","RCNWR-Oxcart Lane","SESA","2461-15039","380449","AHY","1",23.3,94,18.9,15.2,28.3,"17:27",NA,NA,7.8917
"192","Obrien - RCNWR","9/10/2014","RCNWR-Oxcart Lane","SESA","2461-15040","380457","HY","2",21.6,91,14.1,17.8,29.7,"6:30","642",NA,10.2319
"193","Obrien - RCNWR","8/8/2014","RCNWR-Oxcart Lane","SESA","2461-15041",NA,"AHY","2",21.4,95,18.8,15.2,25.7,"17:27",NA,NA,4.9783
"194","Obrien - RCNWR","9/10/2014","RCNWR-Oxcart Lane","SESA","2461-15042",NA,"HY","2",20.5,95,15.6,18.9,35.1,"6:30","644",NA,14.3783
"195","Obrien - RCNWR","9/10/2014","RCNWR-Oxcart Lane","SESA","2461-15043",NA,"HY","3",21.9,102,17.3,21.6,38.7,"6:30","644",NA,15.7845
"196","Obrien - RCNWR","9/10/2014","RCNWR-Oxcart Lane","SESA","2461-15044",NA,"HY","2",21.2,94,16,19.4,33.7,"6:30",NA,NA,13.2917
"197","Obrien - RCNWR","9/10/2014","RCNWR-Oxcart Lane","SESA","2461-15045",NA,"HY","3",22.8,97,15,19.5,35.6,"6:54","703",NA,14.2515
"198","Obrien - RCNWR","9/10/2014","RCNWR-Oxcart Lane","SESA","2461-15046",NA,"HY","2",20,95,14.8,18.4,30.2,"6:54","703",NA,9.4783
"199","Obrien - RCNWR","9/10/2014","RCNWR-Oxcart Lane","SESA","2461-15047",NA,"HY","3",21.3,97,15.7,19.5,35.2,"6:30",NA,NA,13.8515
"200","Obrien - RCNWR","9/10/2014","RCNWR-Oxcart Lane","SESA","2461-15048",NA,"HY","3",23.1,97,16.8,20.2,37.8,"6:54",NA,NA,16.4515
"201","Obrien - RCNWR","9/10/2014","RCNWR-Oxcart Lane","SESA","2461-15049",NA,"HY","2",21.6,100,17.9,21.6,30.7,"7:09","715",NA,8.4113
"202","Obrien - RCNWR","9/10/2014","RCNWR-Oxcart Lane","SESA","2461-15050","380458","HY","0.5",20.6,96,15.7,19,23.4,"6:30",NA,NA,2.3649
"203","Obrien - RCNWR","9/10/2014","RCNWR-Oxcart Lane","SESA","2461-15051",NA,"HY","3",22.7,97,18.7,22.3,35.4,"6:30",NA,NA,14.0515
"204","Obrien - RCNWR","9/10/2014","RCNWR-Oxcart Lane","SESA","2461-15052",NA,"HY","2",22.8,97,16,19.5,33,"6:30",NA,NA,11.6515
"205","Obrien - RCNWR","9/10/2014","RCNWR-Oxcart Lane","SESA","2461-15054","380464","HY","2",20.4,97,16.4,20.1,29,"7:32",NA,NA,7.6515
"206","Obrien - RCNWR","9/10/2014","RCNWR-Oxcart Lane","SESA","2461-15055","380462","HY","3",21.9,94,13.8,17.4,22.2,"7:32",NA,NA,1.7917
"207","Obrien - RCNWR","9/10/2014","RCNWR-Oxcart Lane","SESA","2461-15056","380460","HY","2",21.6,96,16.2,19.5,28.6,"7:32",NA,NA,7.5649
"208","Obrien - RCNWR","9/10/2014","RCNWR-Oxcart Lane","SESA","2461-15058",NA,"HY","2",23.3,99,17.8,21.4,37.1,"7:32",NA,NA,15.1247
"209","Obrien - RCNWR","9/10/2014","RCNWR-Oxcart Lane","SESA","2461-15059",NA,"HY","2",21.5,95,20.5,20.5,31.3,"7:32",NA,NA,10.5783
"210","Obrien - RCNWR","9/10/2014","RCNWR-Oxcart Lane","SESA","2461-15060",NA,"HY","1",21.7,98,16.5,20,31.9,"7:32",NA,NA,10.2381
"211","Obrien - RCNWR","9/10/2014","RCNWR-Oxcart Lane","SESA","2461-15061",NA,"HY","2",21.4,95,17.8,20.8,34.2,"7:32",NA,NA,13.4783
"212","Obrien - RCNWR","9/10/2014","RCNWR-Oxcart Lane","SESA","2461-15062",NA,"HY","4",21.4,94,16.1,19.9,32.4,"7:32",NA,NA,11.9917
"213","Obrien - RCNWR","9/10/2014","RCNWR-Oxcart Lane","SESA","2461-15063",NA,"HY","2",22.9,100,16.6,20.6,32.4,"8:40","852",NA,10.1113
"214","Obrien - RCNWR","9/10/2014","RCNWR-Oxcart Lane","SESA","2461-15064",NA,"HY","2",20,97,17,19.8,NA,"8:40","852",NA,NA
"215","Obrien - RCNWR","9/10/2014","RCNWR-Oxcart Lane","SESA","2461-15065","380466","HY","2",20.7,96,16.6,20.4,29.4,"8:40",NA,NA,8.3649
"216","Obrien - RCNWR","9/10/2014","RCNWR-Oxcart Lane","SESA","2461-15066",NA,"HY","1",22.4,103,16.8,20.2,34.7,"8:40","853",NA,11.4711
"217","Obrien - RCNWR","9/10/2014","RCNWR-Oxcart Lane","SESA","2461-15067","380465","HY","2",21.7,93,13.5,18.3,29.2,"8:40",NA,NA,9.1051
"218","Obrien - RCNWR","9/10/2014","RCNWR-Oxcart Lane","SESA","2461-15068",NA,"AHY","3",20.6,96,15.5,19.1,33.9,"8:40",NA,NA,12.8649
"219","Obrien - RCNWR","9/10/2014","RCNWR-Oxcart Lane","SESA","2461-15069","380463","AHY","2",20.2,96,15.1,18.3,29.6,"8:40",NA,NA,8.5649
"220","Obrien - RCNWR","9/10/2014","RCNWR-Oxcart Lane","SESA","2461-15070","380461","HY","3",22.2,96,17.1,20.4,30.8,"8:40",NA,NA,9.7649
"221","Obrien - RCNWR","9/10/2014","RCNWR-Oxcart Lane","SESA","2461-15071",NA,"HY","3",22.5,97,17.2,20.9,34.5,"8:40",NA,NA,13.1515
"222","Obrien - RCNWR","9/10/2014","RCNWR-Oxcart Lane","SESA","2461-15073",NA,"AHY","2",21.5,95,16.6,20.3,31.2,"8:40",NA,NA,10.4783
"223","Obrien - RCNWR","9/10/2014","RCNWR-Oxcart Lane","SESA","2461-15082",NA,"HY","2",22,93,15.2,18.5,30.3,"8:40",NA,NA,10.2051
"224","Obrien - RCNWR","8/5/2015","RCNWR-Oxcart Lane","SESA","2461-15101","497","AHY",NA,23.1,99,18.3,22.3,30.1,"945",NA,NA,8.1247
"225","Obrien - RCNWR","8/5/2015","RCNWR-Oxcart Lane","SESA","2461-15102","491","AHY",NA,21.3,96,15.3,19.4,24.9,"945",NA,NA,3.8649
"226","Obrien - RCNWR","8/5/2015","RCNWR-Oxcart Lane","SESA","2461-15103","490","AHY",NA,21.4,96,15.3,19,23.9,"945",NA,NA,2.8649
"227","Obrien - RCNWR","8/5/2015","RCNWR-Oxcart Lane","SESA","2461-15104","494","AHY",NA,22,95,17.1,21,25.4,"945",NA,NA,4.6783
"228","Obrien - RCNWR","8/5/2015","RCNWR-Oxcart Lane","SESA","2461-15105","492","AHY",NA,23.2,97,16.5,21,30.8,"952",NA,NA,9.4515
"229","Obrien - RCNWR","8/5/2015","RCNWR-Oxcart Lane","SESA","2461-15106",NA,"AHY",NA,21.3,94,17.1,21.5,27.4,"1030",NA,NA,6.99169999999999
"230","Obrien - RCNWR","8/5/2015","RCNWR-Oxcart Lane","SESA","2461-15107",NA,"AHY",NA,21.8,91,15.5,20.4,29.5,"1030",NA,NA,10.0319
"231","Obrien - RCNWR","8/5/2015","RCNWR-Oxcart Lane","SESA","2461-15108","495","AHY",NA,23,98.5,17,22.2,27.2,"1042",NA,NA,5.3814
"232","Obrien - RCNWR","8/5/2015","RCNWR-Oxcart Lane","SESA","2461-15109",NA,"AHY",NA,20.8,95,17.5,20.9,34.7,"1042",NA,NA,13.9783
"233","Obrien - RCNWR","8/5/2015","RCNWR-Oxcart Lane","SESA","2461-15110",NA,"AHY",NA,23.8,95,16.5,20,32.7,"1042",NA,NA,11.9783
"234","Obrien - RCNWR","8/5/2015","RCNWR-Oxcart Lane","SESA","2461-15111","500","AHY",NA,20.9,94,15.3,18.1,29.8,"1042",NA,NA,9.3917
"235","Obrien - RCNWR","8/5/2015","RCNWR-Oxcart Lane","SESA","2461-15112","493","AHY",NA,20.4,95,16.6,20.3,25.5,"1042",NA,NA,4.7783
"236","Obrien - RCNWR","8/5/2015","RCNWR-Oxcart Lane","SESA","2461-15113",NA,"AHY",NA,23.4,101,17.9,22.8,38.5,"1042",NA,NA,15.8979
"237","Obrien - RCNWR","8/5/2015","RCNWR-Oxcart Lane","SESA","2461-15114","496","AHY",NA,19.6,92,15.5,19.7,24.7,"1042",NA,NA,4.9185
"238","Obrien - RCNWR","8/5/2015","RCNWR-Oxcart Lane","SESA","2461-15115",NA,"AHY",NA,21.1,97,16.5,20.3,31.2,"1042",NA,NA,9.8515
"239","Obrien - RCNWR","8/5/2015","RCNWR-Oxcart Lane","SESA","2461-15116",NA,"AHY",NA,24.4,99.5,15.9,19.9,31.5,"1042",NA,NA,9.36799999999999
"240","Obrien - RCNWR","8/5/2015","RCNWR-Oxcart Lane","SESA","2461-15117",NA,"AHY",NA,22,94,14.3,17.8,31,"1042",NA,NA,10.5917
"241","Obrien - RCNWR","8/5/2015","RCNWR-Oxcart Lane","SESA","2461-15118",NA,"AHY",NA,23,98,16.6,20.2,25.6,"1042",NA,NA,3.9381
"242","Obrien - RCNWR","8/5/2015","RCNWR-Oxcart Lane","SESA","2461-15119",NA,"AHY",NA,22.1,94,15.6,19.4,25.5,"1042",NA,NA,5.0917
"243","Obrien - RCNWR","8/5/2015","RCNWR-Oxcart Lane","SEPL","2461-15120",NA,NA,NA,22.8,120,7.8,13.1,50.6,"1115",NA,NA,NA
"244","Obrien - RCNWR","8/5/2015","RCNWR-Oxcart Lane","SESA","2461-15121","498","AHY",NA,22.9,100,16.7,21.3,26.1,"1110",NA,NA,3.8113
"245","Obrien - RCNWR","8/5/2015","RCNWR-Oxcart Lane","SEPL","2461-15122",NA,"AHY",NA,22.5,121.5,8.4,13.1,53.2,"1055",NA,NA,NA
"246","Obrien - RCNWR","8/5/2015","RCNWR-Oxcart Lane","SESA","2461-15123","499","AHY",NA,21.6,93,15.5,19.3,26.2,"1125",NA,NA,6.1051
"247","Obrien - RCNWR","8/5/2015","RCNWR-Oxcart Lane",NA,"2461-15124",NA,NA,NA,NA,NA,NA,NA,NA,NA,NA,NA,NA
"248","Obrien - RCNWR","8/5/2015","RCNWR-Oxcart Lane","SESA","2461-15125",NA,"AHY",NA,20.9,96.5,16.1,19,31.1,"1220",NA,NA,9.9082
"249","Obrien - RCNWR","8/5/2015","RCNWR-Oxcart Lane","SESA","2461-15126","502","AHY",NA,20.9,96,15.9,19.3,27.1,"1228",NA,NA,6.0649
"250","Obrien - RCNWR","8/5/2015","RCNWR-Oxcart Lane","SESA","2461-15127","503","AHY",NA,22.1,95,15.9,20.5,28.4,"1228",NA,NA,7.6783
"251","Obrien - RCNWR","8/5/2015","RCNWR-Oxcart Lane","SESA","2461-15128","504","AHY",NA,22.6,96,17.6,22.6,26.2,"1228",NA,NA,5.1649
"252","Obrien - RCNWR","8/5/2015","RCNWR-Oxcart Lane","SESA","2461-15129",NA,"AHY",NA,21.9,96,15.4,18.8,21,"1228",NA,NA,0
"253","Obrien - RCNWR","8/5/2015","RCNWR-Oxcart Lane","SESA","2461-15130",NA,"AHY",NA,21.1,95,16.3,20.7,28.2,"1228",NA,NA,7.4783
"254","Obrien - RCNWR","8/5/2015","RCNWR-Oxcart Lane","SESA","2461-15131",NA,"AHY",NA,23.5,101,16,20.1,30.9,"1228",NA,NA,8.2979
"255","Obrien - RCNWR","8/5/2015","RCNWR-Oxcart Lane","SESA","2461-15132",NA,"AHY",NA,20.2,94,15.4,20,34.6,"1228",NA,NA,14.1917
"256","Obrien - RCNWR","8/5/2015","RCNWR-Oxcart Lane","SESA","2461-15133",NA,"AHY",NA,20.6,95,15.4,19,24.8,"1228",NA,NA,4.0783
"257","Obrien - RCNWR","8/5/2015","RCNWR-Oxcart Lane","SESA","2461-15134",NA,"AHY",NA,22.4,103,18.3,21.9,33.4,"1228",NA,NA,10.1711
"258","Holbt - Addison","08/05/2014","Addison-LEDGE","SESA","2571-56201","10","AHY","1",20.8,97,17.14,20.5,24,"17:58","1808",0.5152,2.6515
"259","Holbt - Addison","08/05/2014","Addison-LEDGE","SESA","2571-56202","7","AHY","0",21.53,98.5,16.75,19.22,23,"17:58","1820",0.5343,1.1814
"260","Holbt - Addison","08/05/2014","Addison-LEDGE","SESA","2571-56203","8","AHY","1",21.54,98,16.75,19.81,27,"17:58","1812",0.5044,5.3381
"261","Holbt - Addison","08/05/2014","Addison-LEDGE","SESA","2571-56204","11","AHY","1",21.67,94.5,16.63,18.82,26,"17:58","1835",0.4844,5.435
"262","Holbt - Addison","08/05/2014","Addison-LEDGE","SESA","2571-56205","31","AHY","1",21.51,97.5,15.47,18.02,26,"17:58","1842",0.5016,4.4948
"263","Holbt - Addison","08/05/2014","Addison-LEDGE","SESA","2571-56206","9","AHY","1",24.04,100,16.55,19.12,28,"17:58",NA,NA,5.7113
"264","Holbt - Addison","08/05/2014","Addison-LEDGE","SESA","2571-56207","30","AHY","1",20.9,94,15.05,17.67,21,"17:58",NA,NA,0.591699999999996
"265","Holbt - Addison","08/08/2014","Addison-DRY LEDGE","SESA","2571-56208",NA,"AHY","1",29.97,96,15.89,18.86,25,"08:02",NA,NA,3.9649
"266","Holbt - Addison","08/08/2014","Addison-DRY LEDGE","SESA","2571-56209",NA,"AHY","3",21.16,100.5,16.17,19.17,34,"08:02","812",0.5104,11.5546
"267","Holbt - Addison","08/08/2014","Addison-DRY LEDGE","SESA","2571-56210",NA,"AHY","3",21.43,103,17.89,21.36,39,"08:02","823",0.531,15.7711
"268","Holbt - Addison","08/08/2014","Addison-DRY LEDGE","SESA","2571-56211","175","AHY","1",21.16,95.5,15.83,18.53,30,"08:02","817",0.531,9.1216
"269","Holbt - Addison","08/08/2014","Addison-DRY LEDGE","SESA","2571-56212","176","AHY","1",21.31,98,15.28,18.51,26,"08:02","818",0.5104,4.3381
"270","Holbt - Addison","08/08/2014","Addison-DRY LEDGE","SESA","2571-56213",NA,"AHY","2",22.61,102,16.4,19.49,33,"08:02","826",0.5136,10.0845
"271","Holbt - Addison","08/08/2014","Addison-DRY LEDGE","SESA","2571-56214","409","AHY","3",21.87,97,16.86,19.3,27,"08:02","831",0.5139,5.6515
"272","Holbt - Addison","08/08/2014","Addison-RASPBERRY LEDGE","SESA","2571-56215","179","AHY","1",22.66,99.5,16.67,20.22,29,"10:04","1020",0.5206,6.86799999999999
"273","Holbt - Addison","08/08/2014","Addison-RASPBERRY LEDGE","SESA","2571-56216",NA,"AHY","2",23.62,104,18.08,21.89,37,"10:04","1012",0.4976,13.4577
"274","Holbt - Addison","08/08/2014","Addison-RASPBERRY LEDGE","SESA","2571-56217","177","AHY","1",22.27,101,17.52,20.44,30,"10:04","1017",0.4863,7.3979
"275","Holbt - Addison","08/08/2014","Addison-RASPBERRY LEDGE","SESA","2571-56218",NA,"AHY","3",21.35,97,15.52,18.7,31,"10:04","1019",0.4917,9.6515
"276","Holbt - Addison","08/08/2014","Addison-RASPBERRY LEDGE","SESA","2571-56219","178","AHY","2",21.07,101,16.09,19.2,29,"10:04",NA,NA,6.3979
"277","Holbt - Addison","08/08/2014","Addison-RASPBERRY LEDGE","SESA","2571-56220","180","AHY","1",22.07,96.5,14.36,16.54,24,"10:04",NA,NA,2.8082
"278","Holbt - Addison","08/08/2014","Addison-RASPBERRY LEDGE","SESA","2571-56221","412","AHY","1",23.64,97.5,17.21,20.34,25,"10:04",NA,NA,3.4948
"279","Holbt - Addison","08/18/2014","Addison-LOWER WASS COVE","LESA","2571-56222",NA,"HY","0.5",19.06,87,14.57,17.72,18,"09:30",NA,NA,NA
"280","Holbt - Addison","08/18/2014","Addison-LOWER WASS COVE","LESA","2571-56223",NA,"HY","0.5",20.7,89,14.24,17.23,21,"09:30",NA,NA,NA
"281","Holbt - Addison","08/18/2014","Addison-LOWER WASS COVE","SESA","2571-56224","414","HY","2",20.97,94,15.81,19.54,25,"10:39","1046",0.5144,4.5917
"282","Holbt - Addison","08/18/2014","Addison-LOWER WASS COVE","SESA","2571-56225","189","HY","1",20.64,96.5,15.7,19.59,23,"10:39","1050",0.459,1.8082
"283","Holbt - Addison","08/18/2014","Addison-LOWER WASS COVE","SESA","2571-56226","411","HY","1",20.98,94,16.43,19.65,27,"10:39","1053",0.5144,6.5917
"284","Holbt - Addison","08/19/2014","Addison-LOWER WASS COVE","SESA","2571-56227","188","HY","1",21.57,99.5,16.99,20.16,29,"09:10",NA,NA,6.86799999999999
"285","Holbt - Addison","08/19/2014","Addison-LOWER WASS COVE","SESA","2571-56228","190","HY","2",21.4,96,16.91,20.7,33,"09:24",NA,NA,11.9649
"286","Holbt - Addison","08/19/2014","Addison-LOWER WASS COVE","SESA","2571-56229","186","HY","2",22.71,97,15.57,19.52,31,"10:02",NA,NA,9.6515
"287","Holbt - Addison","08/19/2014","Addison-LOWER WASS COVE","SESA","2571-56230","416","AHY","1",21.45,101,17.17,20.84,27.8,"10:02",NA,NA,5.1979
"288","Holbt - Addison","08/19/2014","Addison-LOWER WASS COVE","SESA","2571-56231","407","AHY","1",22,99.5,14.69,17.11,30,"10:02",NA,NA,7.86799999999999
"289","Holbt - Addison","08/19/2014","Addison-LOWER WASS COVE","SESA","2571-56232","182","HY","1",22.27,100.5,19.6,22.27,27,"10:02",NA,NA,4.5546
"290","Holbt - Addison","08/19/2014","Addison-LOWER WASS COVE","SESA","2571-56233",NA,"AHY","3",22.33,99,16.47,19.54,37,"10:02",NA,NA,15.0247
"291","Holbt - Addison","08/19/2014","Addison-LOWER WASS COVE","SESA","2571-56234","181","HY","0.5",23.36,96.5,14.92,18.26,24,"10:02",NA,NA,2.8082
"292","Holbt - Addison","08/19/2014","Addison-LOWER WASS COVE","SESA","2571-56235","187","HY","0.5",22.65,102.5,17.56,20.88,25,"10:02",NA,NA,1.9278
"293","Holbt - Addison","08/19/2014","Addison-LOWER WASS COVE","SESA","2571-56236","29","HY","3",22.29,98,16.32,19.49,31,"10:02",NA,NA,9.3381
"294","Holbt - Addison","08/19/2014","Addison-LOWER WASS COVE","SESA","2571-56237","410","HY","2",21.28,99.5,18.06,21.09,27,"10:02",NA,NA,4.86799999999999
"295","Holbt - Addison","08/19/2014","Addison-LOWER WASS COVE","SESA","2571-56238","408","HY","3",22.1,99,18.28,20.96,32,"10:02",NA,NA,10.0247
"296","Holbt - Addison","08/19/2014","Addison-LOWER WASS COVE","SESA","2571-56239","415","AHY","2",21.87,97,16.65,20.09,33,"10:02",NA,NA,11.6515
"297","Holbt - Addison","08/19/2014","Addison-LOWER WASS COVE","SESA","2571-56240","27","AHY","1",22.29,99,16.13,18.84,29,"10:02",NA,NA,7.0247
"298","Holbt - Addison","08/19/2014","Addison-LOWER WASS COVE","SESA","2571-56241",NA,"AHY","0.5",19.87,96,15.31,17.72,26,"10:02",NA,NA,4.9649
"299","Holbt - Addison","08/19/2014","Addison-LOWER WASS COVE","SESA","2571-56242",NA,"HY","3",21.11,96.5,14.75,17.83,35,"10:02",NA,NA,13.8082
"300","Holbt - Addison","08/19/2014","Addison-LOWER WASS COVE","SESA","2571-56243","413","HY","1",22.34,98,16.34,19.44,27,"10:02",NA,NA,5.3381
"301","Holbt - Addison","08/19/2014","Addison-LOWER WASS COVE","SESA","2571-56244","28","HY","1",22.22,101.5,17.21,20.06,25,"10:02",NA,NA,2.2412
"302","Holbt - Addison","08/19/2014","Addison-LOWER WASS COVE","SESA","2571-56245",NA,"AHY","2",22.44,99,15.57,18.96,28,"10:02",NA,NA,6.0247
"303","Holbt - Addison","08/19/2014","Addison-LOWER WASS COVE","SESA","2571-56246",NA,"HY","0.5",21.79,91.5,14.17,17,25,"10:02",NA,NA,5.3752
"304","Holbt - Addison","08/19/2014","Addison-LOWER WASS COVE","SESA","2571-56247",NA,"HY","2",22.48,99,17.86,21.42,27,"10:02",NA,NA,5.0247
"305","Holbt - Addison","08/19/2014","Addison-LOWER WASS COVE","SESA","2571-56248",NA,"HY","0.5",21.81,96.5,16.96,20.22,28,"10:02",NA,NA,6.8082
"306","Holbt - Addison","09/10/2014","Addison-NARROWS ISLAND LEDGE","SESA","2571-56249",NA,"HY","4",22.09,99.5,17.68,20.39,33,"11:12","11:18",0.5557,10.868
"307","Holbt - Addison","09/10/2014","Addison-NARROWS ISLAND LEDGE","SESA","2571-56250","192","HY","2",20.88,95,13.14,16.99,28,"11:12","11:21",0.4716,7.2783
"308","Holbt - Addison","09/10/2014","Addison-NARROWS ISLAND LEDGE","SESA","2571-56251","195","HY","2",20.54,95.5,15.07,17.15,27,"11:12","11:28",0.4921,6.1216
"309","Holbt - Addison","09/10/2014","Addison-NARROWS ISLAND LEDGE","SESA","2571-56252","196","HY","3",21.1,93.5,16,18.75,29,"11:12","11:34",0.4813,8.7484
"310","Holbt - Addison","09/10/2014","Addison-NARROWS ISLAND LEDGE","SESA","2571-56253",NA,"HY","3",22.17,97,15.74,18.29,33,"11:12","11:40",0.5472,11.6515
"311","Holbt - Addison","09/10/2014","Addison-NARROWS ISLAND LEDGE","SESA","2571-56254",NA,"HY","4",21.34,96.5,17.56,20.21,32,"11:12",NA,NA,10.8082
"312","Holbt - Addison","09/10/2014","Addison-NARROWS ISLAND LEDGE","SESA","2571-56255","194","HY","3",22.94,94,14.92,17.35,31,"11:12",NA,NA,10.5917
"313","Holbt - Addison","09/10/2014","Addison-NARROWS ISLAND LEDGE","SESA","2571-56256","193","HY","1",22.54,99,16.38,18.58,27,"11:12",NA,NA,5.0247
"314","Holbt - Addison","09/10/2014","Addison-NARROWS ISLAND LEDGE","SESA","2571-56257",NA,"HY","6+",21.89,101.5,17.96,21.58,41,"11:12",NA,NA,18.2412
"315","Holbt - Addison","09/10/2014","Addison-NARROWS ISLAND LEDGE","SESA","2571-56258","185","HY","2",22.01,93.5,14.74,16.75,27,"11:12",NA,NA,6.7484
"316","Holbt - Addison","09/10/2014","Addison-NARROWS ISLAND LEDGE","SESA","2571-56259",NA,"HY","3",22.41,93.5,15.76,19.35,33,"11:12",NA,NA,12.7484
"317","Holbt - Addison","09/10/2014","Addison-NARROWS ISLAND LEDGE","SESA","2571-56260","191","HY","2",21.54,96.5,15.74,19.06,30,"11:12",NA,NA,8.8082
"318","Holbt - Addison","09/10/2014","Addison-NARROWS ISLAND LEDGE","SESA","2571-56261","183","HY","3",21.67,96.5,14.73,18.3,31,"11:12",NA,NA,9.8082
"319","Holbt - Addison","09/10/2014","Addison-NARROWS ISLAND LEDGE","SESA","2571-56262",NA,"HY","6",22.08,96.5,15.69,18.25,31,"11:12",NA,NA,9.8082
"320","Holbt - Addison","09/10/2014","Addison-NARROWS ISLAND LEDGE","SESA","2571-56263",NA,"HY","2",21.06,93,14.27,17.62,34,"11:12",NA,NA,13.9051
"321","Holbt - Addison","09/10/2014","Addison-NARROWS ISLAND LEDGE","SESA","2571-56264",NA,"HY","4",21.65,91.5,15.65,17.72,35,"11:12",NA,NA,15.3752
"322","Holbt - Addison","09/10/2014","Addison-NARROWS ISLAND LEDGE","SESA","2571-56265",NA,"HY","4",20.8,95.5,15.84,19.54,32,"11:12",NA,NA,11.1216
"323","Holbt - Popham","8/6/2015","Popham Beach","SESA","2571-56266",NA,"AHY","4",23.5,97,17.4,21.1,34,"1704",NA,NA,12.6515
"324","Holbt - Popham","8/6/2015","Popham Beach","SESA","2571-56267","63","AHY","2",21.5,95,18.3,22.7,30.1,"1704",NA,NA,9.3783
"325","Holbt - Popham","8/6/2015","Popham Beach","SESA","2571-56268",NA,"AHY","2",22.8,96,16.3,20,30.2,"1704",NA,NA,9.1649
"326","Holbt - Popham","8/6/2015","Popham Beach","SESA","2571-56269","62","AHY","2",20.3,94.5,15.5,18.9,30.1,"1704",NA,NA,9.535
"327","Holbt - Popham","8/6/2015","Popham Beach","SESA","2571-56270","68","AHY","2",22.9,98,17.9,22.9,27.6,"1704",NA,NA,5.9381
"328","Holbt - Popham","8/6/2015","Popham Beach","SESA","2571-56271","69","AHY","2",21.1,92,13.8,17.6,29,"1704",NA,NA,9.2185
"329","Holbt - Popham","8/6/2015","Popham Beach","SEPL","2571-56272",NA,"AHY","2",20.5,94,15.3,19,33.1,"1704",NA,NA,NA
"330","Holbt - Popham","8/6/2015","Popham Beach","SEPL","2571-56273",NA,"AHY","1",25.6,123,7.8,12.8,58.7,"1704",NA,NA,NA
"331","Holbt - Popham","8/6/2015","Popham Beach","SEPL","2571-56274",NA,"AHY","1",23.9,125,8,12.4,43.6,NA,NA,NA,NA
"332","Holbt - Popham","8/6/2015","Popham Beach","SESA","2571-56275",NA,"AHY","4",22,99.5,17.8,22,37.5,NA,NA,NA,15.368
"333","Holbt - Popham","8/6/2015","Popham Beach","SEPL","2571-56276",NA,"AHY","1",24.8,125.5,8.7,14,42.7,NA,NA,NA,NA
"334","Holbt - Popham","8/6/2015","Popham Beach","SESA","2571-56277","67","AHY","0.5",20.1,94,15.1,18.3,22,NA,NA,NA,1.5917
"335","Holbt - Popham","8/6/2015","Popham Beach","SESA","2571-56278","70","AHY","1",20.4,96,17.9,21.6,28.4,NA,NA,NA,7.3649
"336","Obrien - RCNWR","8/7/2015","RCNWR-Oxcart Lane","SESA","2571-56279","501","AHY","2",21.8,98.5,16.9,20.3,28.2,"1012",NA,NA,6.3814
"337","Obrien - RCNWR","8/7/2015","RCNWR-Oxcart Lane","SESA","2571-56280",NA,"AHY","3",22.7,97,16.6,20.5,34.4,"1024",NA,NA,13.0515
"338","Obrien - RCNWR","8/7/2015","RCNWR-Oxcart Lane","SESA","2571-56281","505","AHY","1",20.2,95,14.7,18.2,29.8,"1035",NA,NA,9.0783
"339","Obrien - RCNWR","8/7/2015","RCNWR-Oxcart Lane","SESA","2571-56282","506","AHY","0.5",20.3,97,13.8,17.4,22.3,"1040",NA,NA,0.951499999999999
"340","Obrien - RCNWR","8/7/2015","RCNWR-Oxcart Lane","SESA","2571-56283","274","AHY","1",21,97,16.1,19.7,28.2,"1044",NA,NA,6.8515
"341","Obrien - RCNWR","8/7/2015","RCNWR-Oxcart Lane","SESA","2571-56284","275","AHY","0",21.8,97,15.7,18.8,24,"1044",NA,NA,2.6515
"342","Obrien - RCNWR","8/7/2015","RCNWR-Oxcart Lane","SESA","2571-56285",NA,"AHY","3",21,90,14.8,18.5,34.7,"1044",NA,NA,15.5453
"343","Obrien - RCNWR","8/7/2015","RCNWR-Oxcart Lane","SESA","2571-56286",NA,"AHY","3",22.5,100,15.8,19.6,33.7,"1044",NA,NA,11.4113
"344","Obrien - RCNWR","8/7/2015","RCNWR-Oxcart Lane","SESA","2571-56287","276","AHY","1",21.4,96,13.8,17.5,25,"1048",NA,NA,3.9649
"345","Obrien - RCNWR","8/7/2015","RCNWR-Oxcart Lane","SESA","2571-56288",NA,"AHY","1",21.4,95,16.8,20.2,27.4,"1048",NA,NA,6.6783
"346","Obrien - RCNWR","8/7/2015","RCNWR-Oxcart Lane","SESA","2571-56289",NA,"AHY","1",21.6,92,17.8,20.7,30.9,"1103",NA,NA,11.1185
"347","Obrien - RCNWR","8/7/2015","RCNWR-Oxcart Lane","SESA","2571-56290",NA,"AHY","0",21.8,96,15.5,18.6,24.8,"1103",NA,NA,3.7649
"348","Obrien - RCNWR","8/7/2015","RCNWR-Oxcart Lane","SESA","2571-56291",NA,"AHY","1",21.9,97,18.9,22.8,25.6,"1048",NA,NA,4.2515
"349","Obrien - RCNWR","8/7/2015","RCNWR-Oxcart Lane","SESA","2571-56292",NA,"AHY","1",20.7,97,17.3,21.3,25.9,"1048",NA,NA,4.5515
"350","Holbt - Popham","8/10/2015","Popham Beach","SESA","2571-56293","65","AHY","1",20.8,94,16.2,19.9,27.4,"900",NA,NA,6.99169999999999
"351","Holbt - Popham","8/10/2015","Popham Beach","SESA","2571-56294","73","AHY","1",21.7,94,15.5,20.2,25.4,"900",NA,NA,4.99169999999999
"352","Holbt - Popham","8/10/2015","Popham Beach","SESA","2571-56295","74","AHY","2",21.1,93,14.1,17.8,27.5,"900",NA,NA,7.4051
"353","Holbt - Popham","8/6/2015","Popham Beach","SEPL","2571-56296",NA,"AHY","2",23.4,122,8.1,12.1,50.4,NA,NA,NA,NA
"354","Holbt - Popham","8/6/2015","Popham Beach","SESA","2571-56297","66","AHY","2",21.5,94,16.9,20.8,29.7,"1704",NA,NA,9.2917
"355","Holbt - Popham","8/6/2015","Popham Beach","SESA","2571-56298","61","AHY","1",21.3,94,17.4,20.8,28.7,"1704",NA,NA,8.2917
"356","Holbt - Popham","8/6/2015","Popham Beach","SESA","2571-56299","60","AHY","2",21.5,96,15.5,19.1,25.4,"1704",NA,NA,4.3649
"357","Holbt - Popham","8/6/2015","Popham Beach","SESA","2571-56300","64","AHY","2",20.8,92,15.5,19,25.4,"1704",NA,NA,5.6185
"358","Holbt - Popham","8/10/2015","Popham Beach","SESA","2571-56301","75","HY","1",22.4,95,15.6,18.8,24,"900",NA,NA,3.2783
"359","Holbt - Popham","8/10/2015","Popham Beach","SESA","2571-56302","71","AHY","1",19.4,91,14,17,26.3,"900",NA,NA,6.8319
"360","Holbt - Popham","8/10/2015","Popham Beach","SESA","2571-56303",NA,"AHY","2",21.4,94,15.9,20,30.2,"900",NA,NA,9.7917
"361","Holbt - Popham","8/10/2015","Popham Beach","SESA","2571-56304",NA,"AHY","3",21.7,97,17.9,20.8,38,"900",NA,NA,16.6515
"362","Holbt - Popham","8/10/2015","Popham Beach","SESA","2571-56305",NA,"AHY","4",21.6,97,17.2,20.6,37.6,"900",NA,NA,16.2515
"363","Holbt - Popham","8/10/2015","Popham Beach","SESA","2571-56306",NA,"AHY","2",NA,92,15.9,19.4,29.9,"900",NA,NA,10.1185
"364","Holbt - Popham","8/10/2015","Popham Beach","SESA","2571-56307","72","AHY","1",21.5,95,14.8,18.2,28.2,"900",NA,NA,7.4783
"365","Holbt - Popham","8/10/2015","Popham Beach","SESA","2571-56308","76","AHY","2",20.8,93,14.6,17.2,26.3,"900",NA,NA,6.2051
"366","Holbt - Popham","8/10/2015","Popham Beach","SESA","2571-56309",NA,"AHY","4",21.6,98,16.6,21,36.2,"900",NA,NA,14.5381
"367","Holbt - Popham","8/10/2015","Popham Beach","SESA","2571-56310",NA,"AHY","4",20.1,93,16.1,20.3,34.2,"900",NA,NA,14.1051
"368","Holbt - Popham","8/10/2015","Popham Beach","SESA","2571-56311",NA,"AHY","0.5",20.9,94,16.3,19.6,24.5,"900",NA,NA,4.0917
"369","Holbt - Popham","8/10/2015","Popham Beach","SEPL","2571-56312",NA,"AHY","2",22.4,117,8.9,13.3,45.7,"900",NA,NA,NA
"370","Holbt - Popham","8/10/2015","Popham Beach","SESA","2571-56313",NA,"AHY","2",21.2,97,13.4,18.9,31.6,"900",NA,NA,10.2515
"371","Holbt - Popham","8/10/2015","Popham Beach","SESA","2571-56314","78","AHY","1",20.8,95,15.6,19.7,26.4,"900",NA,NA,5.6783
"372","Holbt - Popham","8/10/2015","Popham Beach","SESA","2571-56315","77","AHY","2",20.5,93,13.9,17,30.1,"900",NA,NA,10.0051
"373","Holbt - Popham","8/10/2015","Popham Beach","SESA","2571-56316",NA,"AHY","2",21.4,93,14.1,18,26.7,"900",NA,NA,6.6051
"374","Holbt - Popham","8/10/2015","Popham Beach","SESA","2571-56317",NA,"AHY","3",21.5,97,18,22.8,34.1,"900",NA,NA,12.7515
"375","Holbt - Popham","8/10/2015","Popham Beach","SESA","2571-56318",NA,"AHY","3",22.5,99,17,21.3,33.4,"900",NA,NA,11.4247
"376","Holbt - Popham","8/10/2015","Popham Beach","SESA","2571-56319","79","HY","0.5",20.3,94,14,17.3,22.1,"900",NA,NA,1.6917
"377","Holbt - Popham","8/10/2015","Popham Beach","SESA","2571-56320",NA,"AHY","2",21.9,99,16.3,20.5,32,"900",NA,NA,10.0247
"378","Holbt - Popham","8/10/2015","Popham Beach","SESA","2571-56321",NA,"AHY","4",22,94,17.2,20.3,39.1,"900",NA,NA,18.6917
"379","Holbt - Popham","8/10/2015","Popham Beach","SESA","2571-56322","268","AHY","1",21.2,96,15.6,20.4,21.7,"900",NA,NA,0.664899999999999
"380","Holbt - Popham","8/10/2015","Popham Beach","SESA","2571-56323",NA,"AHY","2",22.8,95,16.1,19.6,29.4,"900",NA,NA,8.6783
"381","Holbt - Popham","8/10/2015","Popham Beach","SESA","2571-56324",NA,"AHY","1",21.8,93,15.5,19,29.3,"900",NA,NA,9.2051
"382","Holbt - Popham","8/10/2015","Popham Beach","SESA","2571-56325",NA,"AHY","2",21.2,95,14.6,18.6,29.5,"900",NA,NA,8.7783
"383","Holbt - Popham","8/10/2015","Popham Beach","SESA","2571-56326",NA,"AHY","4",22,97,17.1,21.2,35.2,"900",NA,NA,13.8515
"384","Holbt - Popham","8/10/2015","Popham Beach","SESA","2571-56327",NA,"AHY","2",21,93,17,20.2,28.7,"900",NA,NA,8.6051
"385","Holbt - Popham","8/10/2015","Popham Beach","SESA","2571-56328",NA,"AHY","2",21.5,96,16.8,20.9,32.2,"900",NA,NA,11.1649
"386","Holbt - Popham","8/10/2015","Popham Beach","SESA","2571-56329",NA,"AHY","4",20.4,94,15.2,19,35.6,"900",NA,NA,15.1917
"387","Holbt - Popham","8/10/2015","Popham Beach","SESA","2571-56330",NA,"AHY","4",21.4,92,14.4,19.1,34.6,"900",NA,NA,14.8185
"388","Obrien - RCNWR","9/2/2015","RCNWR-Oxcart Lane","SESA","2571-56331",NA,"AHY","1",20.9,90,13.6,19.3,29.1,"850",NA,NA,9.9453
"389","Obrien - RCNWR","9/2/2015","RCNWR-Oxcart Lane","SEPL","2571-56332",NA,"AHY","1",22.3,116,7.5,12.2,41.8,"1020",NA,NA,NA
"390","Obrien - RCNWR","9/2/2015","RCNWR-Oxcart Lane","SEPL","2571-56333",NA,"AHY","2",23.7,120,7.9,11.7,54.7,"1020",NA,NA,NA
"391","Obrien - RCNWR","9/2/2015","RCNWR-Oxcart Lane","SEPL","2571-56334",NA,"HY","2",24.2,116,8.5,13,45.2,"1020",NA,NA,NA
"392","Holbt - Popham","9/9/2015","Popham Beach","SEPL","2571-56335","269","HY","1",24.4,122,8.1,13.2,41.5,"1005",NA,NA,NA
"393","Holbt - Popham","9/9/2015","Popham Beach","SESA","2571-56336","267","HY","2",23.7,97,14.7,19.1,33.1,"1005",NA,NA,11.7515
"394","Holbt - Popham","9/9/2015","Popham Beach","SEPL","2571-56337",NA,"AHY","2",23.7,122,8.7,12.9,56.4,"1118",NA,NA,NA
"395","Holbt - Popham","9/9/2015","Popham Beach","SEPL","2571-56338","281","HY","1",23.8,120,7.7,12.8,54,NA,NA,NA,NA
"396","Holbt - Popham","9/9/2015","Popham Beach","SEPL","2571-56339","278","HY","1",23.8,122,9,13.7,48.5,NA,NA,NA,NA
"397","Holbt - Popham","9/9/2015","Popham Beach","SEPL","2571-56340","272","HY","1",24.4,115,8.1,12,42.1,NA,NA,NA,NA
"398","Holbt - Popham","9/9/2015","Popham Beach","SEPL","2571-56341",NA,"AHY","1",23.7,118,7.9,13.2,53.3,NA,NA,NA,NA
"399","Holbt - Popham","9/9/2015","Popham Beach","SESA","2571-56342","277","HY","1",21.9,98,16.6,20.6,26.8,NA,NA,NA,5.1381
"400","Holbt - Popham","9/9/2015","Popham Beach","SESA","2571-56343","273","HY","1",20.6,94,14.8,17.5,29.3,NA,NA,NA,8.8917
"401","Holbt - Popham","9/9/2015","Popham Beach","SESA","2571-56344","283","HY","2",21.5,95,15,18,32.4,NA,NA,NA,11.6783
"402","Holbt - Popham","9/9/2015","Popham Beach","SESA","2571-56345","280","HY","2",21.9,98,17.1,20.7,26.6,NA,NA,NA,4.9381
"403","Holbt - Popham","9/9/2015","Popham Beach","LESA","2571-56346",NA,"HY","0.5",18.2,81.5,13,17.5,18.8,NA,NA,NA,NA
"404","Holbt - Popham","9/9/2015","Popham Beach","SESA","2571-56347","282","HY","2",22.3,98,17.1,22.1,33,NA,NA,NA,11.3381
"405","Holbt - Popham","9/9/2015","Popham Beach","SESA","2571-56348","missing nanotag ID","HY","2",22,93,15.9,20.1,30.7,NA,NA,NA,10.6051
"406","Holbt - Popham","9/9/2015","Popham Beach","SESA","2571-56349","279","HY","2",22.5,100,17.1,20.9,28.5,NA,NA,NA,6.2113
"407","Holbt - Popham","9/9/2015","Popham Beach","LESA","2571-56350",NA,"HY","0.5",18.4,85,15.2,18.3,19.9,NA,NA,NA,NA
"408","Holbt - Popham","9/9/2015","Popham Beach","SEPL","2571-56351",NA,"HY","0.5",22.7,113,7.5,12.7,46.5,"1236",NA,NA,NA
"409","Holbt - Popham","9/9/2015","Popham Beach","SEPL","2571-56352",NA,"HY","1",22.8,115.5,7,11.2,35.7,"1236",NA,NA,NA
"410","Holbt - Popham","9/9/2015","Popham Beach","SEPL","2571-56353",NA,"HY","0.5",24.7,120.5,7.8,12,40.9,"1236",NA,NA,NA
"411","Holbt - Popham","9/9/2015","Popham Beach","SEPL","2571-56354",NA,"HY","0.5",23.7,114,8,12.3,39.8,"1236",NA,NA,NA
"412","Holbt - Popham","8/10/2015","Popham Beach","SESA","2761-00359",NA,"AHY","3",21.6,100,17.5,21.6,32.9,"900",NA,NA,10.6113
"413","Obrien - RCNWR","9/10/2014","RCNWR-Oxcart Lane","SESA","5461-15053","380459","HY","2",21.3,94,15.2,18.5,26.7,"6:30",NA,NA,6.2917
"414","Obrien - RCNWR","9/10/2014","RCNWR-Oxcart Lane","SESA","5461-15057",NA,"HY","2",23.2,99,16.9,20,32.1,"7:32",NA,NA,10.1247
